1,Riyaj,Riyaj@gmail.com,fxU924iU,Tecnico,1,Null
2,Hassanali,Hassanali@gmail.com,z1f5gN06,Tecnico,1,Null
3,Suilven,Suilven@gmail.com,NHUUIC6d,Tecnico,1,Null
4,Rahman,Rahman@gmail.com,PNPHfz2O,Tecnico,1,Null
5,Manus,Manus@gmail.com,sgnsBzBO,Tecnico,1,4
6,Hcen,Hcen@gmail.com,MjGAf02D,Tecnico,1,Null
7,Rennie,Rennie@gmail.com,01HMA5zG,Tecnico,1,0
8,Mykie,Mykie@gmail.com,2CFsfs00,Tecnico,1,Null
9,Jaymie,Jaymie@gmail.com,0fOUG0Us,Tecnico,1,Null
10,Bryden,Bryden@gmail.com,Bn47wPw9,Tecnico,1,Null
11,Derrie,Derrie@gmail.com,00BUGgfx,Operacional,1,4
12,Charly,Charly@gmail.com,6D0AMf46,Tecnico,1,1
13,Nickhill,Nickhill@gmail.com,x3N55PdF,Tecnico,1,5
14,Dinaras,Dinaras@gmail.com,dwdCEB6C,Tecnico,1,Null
15,Daragh,Daragh@gmail.com,d6sHOM1P,Tecnico,1,Null
16,Kyel,Kyel@gmail.com,AFPf9HzC,Tecnico,1,Null
17,Anselm,Anselm@gmail.com,3z7gfDfM,Tecnico,1,14
18,Daryn,Daryn@gmail.com,f2053M4n,Tecnico,1,Null
19,Kyrran,Kyrran@gmail.com,556DU2G2,Operacional,1,Null
20,Hao,Hao@gmail.com,fAsdFU73,Tecnico,1,Null
