1,Rheyden,Rheyden@gmail.com,467BfdxG,Operacional,1,Null
2,Mohamed,Mohamed@gmail.com,0D5fzg5H,Tecnico,1,Null
3,Mateusz,Mateusz@gmail.com,OM0zOg2w,Tecnico,1,0
4,Hassanali,Hassanali@gmail.com,2zs1s2oD,Tecnico,1,2
5,Abdulkarem,Abdulkarem@gmail.com,BAds27j0,Tecnico,1,Null
6,Ceiron,Ceiron@gmail.com,Fo0PGHxw,Tecnico,1,Null
7,Michael-James,Michael-James@gmail.com,9D6GCI6z,Tecnico,1,Null
8,Antonyo,Antonyo@gmail.com,Ud4jsMG0,Tecnico,1,Null
9,Alistar,Alistar@gmail.com,1nf3g2jn,Tecnico,1,Null
10,Davi,Davi@gmail.com,MjwO2C72,Tecnico,1,Null
11,Peirce,Peirce@gmail.com,di665fnD,Operacional,1,Null
12,Reilly,Reilly@gmail.com,fnG0ss3G,Tecnico,1,Null
13,Clayton,Clayton@gmail.com,dzfNAHOg,Operacional,1,3
14,Finley,Finley@gmail.com,A6Bon214,Tecnico,1,Null
15,Finnlay,Finnlay@gmail.com,dEj5j055,Tecnico,1,Null
16,Derrin,Derrin@gmail.com,7BsD2N4I,Operacional,1,8
17,Vinh,Vinh@gmail.com,66zzo22z,Tecnico,1,Null
18,Roddy,Roddy@gmail.com,9F5odEz1,Tecnico,1,4
19,Leyton,Leyton@gmail.com,nUGOfffO,Tecnico,1,Null
20,Fawaz,Fawaz@gmail.com,OEPN910d,Tecnico,1,Null
